Account ,Description,Currency Code ,Amount 
Fred,Unit Dose Services,BRL,75
Joe,Stat Rx USA,MXN,21
Bobby,ORIGINS NATURAL RESOURCES INC.,BOB,16
Jonathan,"Gemini Pharmaceuticals, Inc. dba ONDRA Pharmaceuticals",RUB,16
Larry,"International Labs, Inc.",CNY,38
Juan,REMEDYREPACK INC.,PHP,48
Clarence,Supervalu Inc,CNY,38
Phillip,REMEDYREPACK INC.,IDR,15
Aaron,"Zylera Pharmaceuticals, LLC",JPY,88
Joe,"Aphena Pharma Solutions - Tennessee, LLC",BRL,89
Eugene,Valeant Pharmaceuticals North America LLC,BGN,52
Stephen,Premier Value,CNY,65
Charles,Amerisource Bergen,RSD,49
Larry,Virtus Pharmaceuticals LLC,PHP,57
William,Sagent Pharmaceuticals,CNY,1
Jack,"Tris Pharma, Inc.",RUB,1
John,"NCS HealthCare of KY, Inc dba Vangard Labs",CZK,55
Larry,Wal-Mart Stores Inc,SEK,42
Mark,"AvKARE, Inc.",BWP,21
Dennis,Perrigo Pharmaceuticals Company,KZT,62
Walter,China Ningbo Shangge Cosmetic Technology Corp.,RUB,79
Albert,"Peaceful Mountain, Inc.",PEN,29
Samuel,Rebel Distributors Corp.,TZS,76
Bobby,McKesson Contract Packaging,KHR,62
Jerry,Kmart Corporation,IQD,56
David,KMART CORPORATION,NGN,39
Terry,Medtech Products Inc.,EUR,90
Chris,"MPM Medical, Inc.",VND,21
Juan,Uriel Pharmacy Inc.,EUR,32
Philip,"Matrixx Initiatives, Inc.",USD,16
Antonio,Genuine First Aid LLC,UZS,50
Howard,Lornamead,UAH,22
Jeffrey,Home Sweet Homeopathics,CNY,9
Adam,CVS Pharmacy,SEK,17
Bruce,"Par Pharmaceutical, Inc.",MXN,98
James,"General Injectables & Vaccines, Inc",IDR,59
Patrick,"Physicians Total Care, Inc.",ZAR,100
Richard,Bonne Bell LLC,CNY,40
Juan,Baxter Healthcare Company,BAM,12
Jerry,"Roxane Laboratories, Inc",ZAR,98
Jason,"Lannett Company, Inc.",CNY,53
Phillip,"Medline Industries, Inc.",CUP,39
Joe,"Antigen Laboratories, Inc.",IDR,1
Earl,Target Corporation,USD,21
Sean,"Allergan, Inc.",EUR,92
Daniel,"OCuSOFT, INC.",CZK,44
Roger,REMEDYREPACK INC.,EUR,67
Roy,"Aurolife Pharma, LLC",CNY,27
Joseph,"Upsher-Smith Laboratories, Inc",RUB,48
Christopher,Small World Trading Company,CNY,24
Aaron,CoValence Inc.,BRL,63
Ronald,Pro Vera SA,SEK,65
David,"Physicians Total Care, Inc.",SEK,33
Roger,"Physicians Total Care, Inc.",PHP,54
Jeremy,"NCS HealthCare of KY, Inc dba Vangard Labs",ILS,11
Kenneth,REMEDYREPACK INC.,RUB,59
Harry,Carilion Materials Management,DOP,67
Jesse,Ventura International Ltd.,EUR,26
Brandon,Wegmans Food Markets Inc.,SEK,92
Todd,Mylan Pharmaceutical Inc.,ARS,81
Howard,"Allergy Laboratories, Inc.",USD,36
Bruce,"CVS PHARMACY, INC.",USD,1
Dennis,Premium Formulations LLC,KZT,86
Steven,AMOREPACIFIC,VND,5
Mark,Mary Kay Inc.,KRW,96
Jack,Universal Distribution Center LLC,CNY,17
Carl,"NSE Products, Inc.",KZT,78
Kenneth,"Geiss, Destin and Dunn, Inc.",CNY,6
Steve,"Caraco Pharmaceutical Laboratories, Ltd.",COP,42
Sean,"Golden State Medical Supply, Inc.",CNY,50
Phillip,Summers Laboratories Inc,TND,74
Christopher,Bryant Ranch Prepack,IDR,10
Willie,"Dispensing Solutions, Inc.",UYU,92
Nicholas,"Nature's Innovation, Inc.",EUR,52
Peter,"Ascend Laboratories, LLC",EUR,41
Albert,BluePoint Laboratories,XAF,3
Earl,Guthy-Renker LLC,MMK,38
Willie,"ALK-Abello, Inc.",JPY,50
Gerald,REMEDYREPACK INC.,KES,75
Steven,Topco Associates LLC,JPY,60
Roy,Dynarex Corporation,JPY,42
Jimmy,Bayer HealthCare Pharmaceuticals Inc.,CNY,47
Bobby,"Western Family Foods, Inc.",IDR,70
Jonathan,HOMEOLAB USA INC.,RSD,91
Russell,TEVA PHARMACEUTICALS USA,IDR,93
Jerry,"Newton Laboratories, Inc.",PHP,44
Jonathan,"Physicians Total Care, Inc.",XOF,20
Sean,Rebel Distributors Corp,EUR,17
Eric,"Northwind Pharmaceuticals, LLC",CNY,38
Gerald,Lake Erie Medical DBA Quality Care Products LLC,COP,78
Sean,"Actavis Pharma, Inc.",IDR,12
Roy,Phoenix/Clipper,IDR,98
Gary,Pack Pharmaceuticals LLC,VEF,48
Edward,Lumene Oy,NGN,28
Steven,NARS Cosmetics,EUR,60
Bobby,"Demoulas Super Markets, Inc",RUB,32
Donald,Amgen Inc,BRL,56
Clarence,International Beauty Exchange,THB,68
Stephen,Novo Nordisk,CNY,21
Jesse,"Mallinckrodt, Inc.",EUR,83
Peter,"Ventura Corporation (San Juan, P.R)",GYD,59
Joe,"Blue Water Industrial Products, Inc.",CNY,91
Justin,GlaxoSmithKline Consumer Healthcare LP,EUR,38
Gary,Lake Erie Medical DBA Quality Care Products LLC,IDR,8
Donald,Virtus Pharmaceuticals,YER,89
Gerald,"Boca Pharmacal, LLC",ZAR,61
Edward,"GRIFOLS USA, LLC",CNY,98
Timothy,Cardinal Health,PLN,49
Martin,"Glenmark Generics Inc., USA",MXN,94
Clarence,Bobbi Brown Professional Cosmetics Inc.,PEN,73
Juan,Bryant Ranch Prepack,CNY,55
Jesse,Rebel Distributors Corp,XCD,84
Albert,Lake Erie Medical DBA Quality Care Products LLC,RUB,50
John,"Medical-Technical Gases, Inc.",MAD,68
Eugene,Access Busines Group LLC,EUR,14
Eric,Mylan Pharmaceuticals Inc.,CNY,67
Adam,"Nelco Laboratories, Inc.",IDR,73
Ryan,"Nelco Laboratories, Inc.",MXN,7
Todd,"Physicians Total Care, Inc.",ARS,71
Patrick,Supervalu Inc,PHP,59
Ralph,"Nelco Laboratories, Inc.",JPY,83
Chris,Bayer Corporation Consumer Care Division,EUR,76
Douglas,"L.N.K. International, Inc.",IDR,89
Christopher,NorthStar Rx LLC,CRC,61
David,"Physicians Total Care, Inc.",EGP,1
Douglas,"Actavis Pharma, Inc.",CNY,75
Jeffrey,"ALK-Abello, Inc.",THB,28
James,HANGZHOU MINO DAILY CHEMICALS CO.LTD.,USD,90
Wayne,Bryant Ranch Prepack,CNY,75
Larry,Major Pharmaceuticals,RUB,20
Terry,Zandi LLC,EUR,97
Steven,Meijer Distribution Inc,BRL,59
John,"Rugby Laboratories, Inc.",PLN,86
Charles,"TIME CAP LABORATORIES, INC",BRL,38
Lawrence,Ecolab Inc.,RUB,39
Phillip,"EMD Serono, Inc.",CNY,92
Johnny,CVS Pharmacy,MYR,83
Roger,CVS,PKR,1
Shawn,"Caraco Pharmaceutical Laboratories, Ltd.",BRL,11
Fred,"Taro Pharmaceuticals U.S.A., Inc.",PHP,84
Andrew,Chain Drug Marketing Association,IDR,88
David,"Antigen Laboratories, Inc.",RUB,97
Thomas,"Antigen Laboratories, Inc.",MNT,6
Edward,"Native Remedies, LLC",EUR,83
Wayne,"Novartis Consumer Health, Inc",EUR,71
George,ViiV Healthcare Company,COP,95
Joe,"Greenbrier International, Inc.",BRL,52
Billy,Walgreens,CNY,82
Donald,"Newton Laboratories, Inc.",CNY,97
Peter,B. Braun Medical Inc.,CNY,94
Jerry,"H.J. Harkins Company, Inc.",BYR,40
Steve,Bristol-Myers Squibb Company,PEN,81
Samuel,Water-Jel Technologies,GNF,93
Andrew,Publix Super Markets Inc,CNY,95
Edward,Lake Erie Medical & Surgical Supply DBA Quality Care Products LLC,EUR,55
Johnny,Sandoz Inc,JPY,72
Thomas,RITE AID CORPORATION,RUB,33
Carl,Neutrogena Corporation,COP,16
Earl,"Physicians Total Care, Inc.",RUB,36
Randy,"MSD Consumer Care, Inc.",CNY,73
Victor,"Glenmark Generics Inc.,USA",XOF,91
Gerald,"American Regent, Inc.",IDR,47
Kevin,Pfizer Laboratories Div Pfizer Inc,USD,79
Shawn,"Medline Industries, Inc.",EUR,81
Willie,KMart Corporation,CNY,85
Johnny,"K.N.Life Co., Ltd.",CNY,23
Louis,State of Florida DOH Central Pharmacy,IDR,7
Willie,APOLLO HEALTH AND BEAUTY CARE,KMF,57
Jason,Northwind Pharmaceuticals,PHP,82
Juan,RECEPTOPHARM INC,YER,27
Larry,Delta Brands Inc.,TND,97
Earl,King Bio Inc.,USD,72
Clarence,King Bio Inc.,KRW,85
Roy,Guna spa,ALL,21
Wayne,"Allergy Laboratories, Inc.",CNY,94
Ronald,"Fresenius Kabi USA, LLC",YER,46
Chris,"AvKARE, Inc.",COP,90
Juan,SHISEIDO AMERICAS CORPORATION,MAD,87
Fred,"Fresh, Inc.",ILS,23
Jason,"Amneal Pharmaceuticals, LLC",IDR,52
Daniel,Ventura Corporation LTD,EUR,45
Philip,Hunter's Specialties,CNY,37
Roger,Rebel Distributors Corp,EUR,87
Howard,Lake Erie Medical DBA Quality Care Products,EUR,23
Kevin,Jubilant HollisterStier LLC,CNY,52
Paul,GlaxoSmithKline Consumer Healthcare LP,RUB,20
Ralph,CVS Pharmacy,VND,23
Russell,"Nelco Laboratories, Inc.",PHP,99
Gary,"Nelco Laboratories, Inc.",IDR,37
Craig,"Libertas Pharma, Inc.",PHP,9
Paul,"NextWave Pharmaceuticals, Inc.",TZS,34
Carl,Supervalu Inc,BRL,15
Charles,Teva Pharmaceuticals USA Inc,RSD,75
Timothy,Zydus Pharmaceuticals (USA) Inc.,ARS,34
Brian,Cardinal Health,IQD,11
Louis,"Preferred Pharmaceuticals, Inc",IDR,92
Phillip,NeoStrata Company Inc.,THB,66
Charles,"MedVantx, Inc.",VND,50
Steven,KAISER FOUNDATION HOSPITALS,EUR,85
Jeremy,Major Pharmaceuticals,CZK,69
Anthony,"BioActive Nutritional, Inc.",THB,56
Matthew,Uriel Pharmacy Inc.,EUR,40
Joe,Western Reserve Home Medical Eq.,CNY,33
Eric,Teva Pharmaceuticals USA Inc,PHP,41
Andrew,Meijer Distribution Inc,BRL,4
Russell,"Northwind Pharmaceuticals, LLC",RUB,23
Earl,Uriel Pharmacy Inc.,MXN,39
Philip,Qualitest Pharmaceuticals,CNY,18
Russell,"ACADEMY, LTD",ARS,62
Bruce,"NCS HealthCare of KY, Inc dba Vangard Labs",IDR,12
Christopher,Kaiser Foundation Hospitals,COP,64
Dennis,"MSD Consumer Care, Inc.",ILS,81
Donald,Kroger Company,PEN,85
Earl,Teva Pharmaceuticals USA Inc,XAF,24
Roger,"Physicians Total Care, Inc.",EUR,32
Aaron,Natural Health Supply,EUR,25
Keith,Unifirst First Aid Corporation,JPY,43
David,"Nelco Laboratories, Inc.",CNY,98
Eugene,"NexAir, LLC",IDR,17
Arthur,West-Ward Pharmaceutical Corp,CNY,48
George,"Allermed Laboratories, Inc.",TND,74
Harold,Apotex Corp,RUB,42
Jason,ALVOGEN INC.,CNY,14
Johnny,Cardinal Health,SEK,14
Daniel,CVS Pharmacy,PEN,40
Chris,"Watson Laboratories, Inc.",CNY,89
Howard,Dr.Reddy's Laboratories Limited,IDR,91
Justin,Lake Erie Medical & Surgical Supply DBA Quality Care Products LLC,HTG,5
Jeffrey,King Bio Inc.,IDR,28
Edward,Ross Healthcare Inc.,BYR,21
William,Conopco Inc. d/b/a Unilever,CNY,14
Justin,Sun Pharmaceutical Industries Limited,ALL,68
Samuel,"Alcon Laboratories, Inc.",PEN,27
Jesse,"Aphena Pharma Solutions - Tennessee, LLC",HRK,34
Peter,TOPCO ASSOCIATES LLC,ZAR,26
Edward,Delon Laboratories (1990) Ltd,KPW,86
Henry,"Dong Sung Pharm. Co., Ltd.",CNY,21
Larry,Wuxi Medical Instrument Factory,PEN,1
Richard,"Physicians Total Care, Inc.",SEK,48
David,"La Prairie, Inc.",CAD,65
Bruce,Citron Pharma LLC,CNY,23
Ralph,NorthStar Rx LLC,CZK,37
Roy,"Chattem, Inc.",PHP,43
Jeffrey,Sun Pharma Global FZE,MNT,65
Wayne,Care One (American Sales Company),EUR,79
Larry,"Teva Parenteral Medicines, Inc.",CNY,46
Gerald,Golden State Medical Supply Inc.,BRL,22
Andrew,Uriel Pharmacy Inc.,CAD,16
Stephen,"Homeostasis Laboratories, Inc.",BRL,2
Michael,"IVAX Pharmaceuticals, Inc.",IDR,24
Joshua,"Inel Cosmetics Co., Ltd",EUR,93
Larry,"Vitality Works, Inc.",EUR,55
Donald,State of Florida DOH Central Pharmacy,IDR,37
Joe,L. Perrigo Company,PLN,19
Jimmy,"Ventura International, LTD",EUR,66
Craig,"Glenmark Generics Inc.,USA",BRL,79
Christopher,Lake Erie Medical DBA Quality Care Products LLC,VND,7
Brandon,"Akrimax Pharmaceuticals, LLC",EUR,89
Joseph,RXV,CNY,41
Ronald,"Nelco Laboratories, Inc.",UAH,98
Robert,Proficient Rx LP,CNY,20
Juan,"Western Family Foods, Inc.",IDR,32
George,Mylan Institutional Inc.,BGN,23
William,"Physicians Total Care, Inc.",RUB,72
Carl,Phytoneering Extract Solutions GmbH,IRR,80
Donald,Clinical Solutions Wholesale,CDF,59
Paul,Cardinal Health,EUR,54
Joe,"Shanghai Kejing Cleaning Products Co., Ltd",PLN,10
Patrick,Natural Health Supply,VEF,17
Steve,H E B,RUB,67
Aaron,Ventura International LTD,EUR,24
Patrick,"Physicians Total Care, Inc.",PEN,60
Jeffrey,Ultimark Products LLC,ARS,95
Douglas,Amerisource Bergen,CNY,9
Howard,"Shanghai Yinjing Medical Supplies Co., Ltd.",PHP,18
Jesse,"Aptalis Pharma US, Inc.",AOA,19
Jose,Rebel Distributors Corp,PHP,16
Gary,"Aphena Pharma Solutions - Tennessee, LLC",ARS,23
Arthur,"Welder Services Of Fort Wayne, Inc.",EUR,85
Harold,SOMBRA COSMETICS INC.,IDR,9
Donald,Uriel Pharmacy Inc.,IDR,80
Andrew,Elorac Inc.,PEN,19
Nicholas,Sunovion Pharmaceuticals Inc.,RUB,9
Chris,Dabur India Limited,JPY,79
Jack,American Health Packaging,EUR,11
Gerald,Target Corporation,IDR,78
Charles,Uriel Pharmacy Inc.,USD,94
Matthew,Dr. Reddy's Laboratories Inc,IDR,40
Dennis,SEWHA P&C INC,PHP,71
Albert,Apotex Corp.,RUB,31
Richard,"Allergy Laboratories, Inc.",THB,3
Phillip,"SJ Creations, Inc.",IDR,53
Thomas,"Nelco Laboratories, Inc.",CRC,53
Eric,RITE AID CORPORATION,MUR,62
Kevin,H E B,CNY,51
Mark,Ecolab Inc.,IDR,73
George,"Deb USA, Inc.",EUR,1
Justin,AbbVie Inc.,JPY,96
Christopher,Jafra Cosmetics International Inc,CNY,34
Paul,Natures Way Holding Co.,IDR,53
Lawrence,Lake Erie Medical & Surgical Supply DBA Quality Care Products LLC,XAF,77
Timothy,CA-BOTANA INTERNATIONAL,IDR,27
Louis,H E B,EUR,26
Phillip,Teva Pharmaceuticals USA Inc,EUR,91
Terry,Rohto-Mentholatum (Vietnam) Co. Ltd.,NGN,73
Aaron,"American Regent, Inc.",THB,20
Gerald,"Nelco Laboratories, Inc.",QAR,90
Craig,McKesson Packaging Services a business unit of McKesson Corporation,CNY,19
Walter,"Antigen Laboratories, Inc.",COP,56
Aaron,"Hospira, Inc.",KGS,1
Carl,"Preferred Pharmaceuticals, Inc.",EUR,28
Jonathan,AMOREPACIFIC,BRL,3
Craig,Fera Pharmaceuticals,ALL,10
Martin,"Liddell Laboratories, Inc.",CAD,62
Antonio,"Janssen Pharmaceuticals, Inc.",PHP,7
David,A-S Medication Solutions LLC,COP,36
Bobby,AMOREPACIFIC,PHP,44
Joseph,"PD-Rx Pharmaceuticals, Inc.",IDR,100
Billy,Teva Pharmaceuticals USA Inc,EUR,62
Ralph,"Aphena Pharma Solutions - Tennessee, LLC",EUR,82
Roger,"International Labs, Inc.",XAF,43
Keith,"Borba, Inc.",IDR,11
Billy,Qualitest Pharmaceuticals,CNY,13
Ralph,"Exelan Pharmaceuticals, Inc.",EUR,25
Samuel,"UNOCOS CO., LTD.",PHP,76
Keith,Carilion Materials Management,CUP,6
Martin,Topco Associates LLC,MXN,34
Gregory,Dukal Corporation,RUB,17
Jeremy,"Golden State Medical Supply, Inc.",PHP,37
Thomas,"NCS HealthCare of KY, Inc dba Vangard Labs",CNY,43
Harry,REMEDYREPACK INC.,IDR,38
Roy,"Nelco Laboratories, Inc.",ZAR,34
Ernest,"HANLIM PHARM. CO., LTD.",CNY,62
Philip,Kinray,JOD,20
Bobby,Fusion Brands,RUB,78
Clarence,P and L Development of New York Corporation (ReadyInCase),ARS,34
Jonathan,Palmetto Pharmaceuticals,AFN,53
Jesse,Ranir LLC,BAM,70
Shawn,Sandoz Inc.,BRL,44
Billy,KMART CORPORATION,CNY,38
Todd,"Tarte, Inc",CNY,33
Thomas,"CorePharma, LLC",KRW,81
Jesse,REMEDYREPACK INC.,IDR,88
Andrew,Neutrogena Corporation,MMK,81
Russell,Kmart Corporation,CNY,33
Terry,Ventura International LTD.,GBP,13
Jeffrey,"Antigen Laboratories, Inc.",EUR,75
Jerry,Uriel Pharmacy Inc.,PHP,91
Nicholas,CVS PHARMACY,CAD,35
Timothy,REMEDYREPACK INC.,MXN,90
Jerry,H E B,SEK,73
Samuel,"Integra Health International, S.A. de C.V.",XCD,82
Jonathan,"Shopko Stores Operating Co., LLC",CNY,30
Philip,"Physicians Total Care, Inc.",BOB,73
Larry,Sandoz Inc,PLN,16
Harry,Food Lion,RUB,88
Jeremy,Qualitest Pharmaceuticals,NIO,49
Jesse,"Aphena Pharma Solutions - Tennessee, LLC",CNY,1
Philip,Reckitt Benckiser Pharmaceuticals Inc,HRK,70
Chris,"Akorn, Inc.",CNY,74
Jesse,Walgreen Company,IDR,87
Richard,Safeway,LRD,45
Jerry,"UDL Laboratories, Inc.",SEK,82
Jimmy,Major Pharmaceuticals,SEK,20
Daniel,"C.A Pharm Co., Ltd.",NGN,91
Chris,Acme United Corporation,CNY,87
Carlos,"Mycone Dental Supply Co., Inc DBA Keystone Industries and Deepak Products Inc.",EUR,19
Paul,"Nelco Laboratories, Inc.",CNY,45
Raymond,Aurobindo Pharma Limited,CNY,14
Dennis,Pfizer Consumer Healthcare,PHP,43
Peter,"Watson Laboratories, Inc.",CZK,75
Chris,King Bio Inc.,BAM,35
Jeremy,"Pharmaceutical Associates, Inc.",CRC,39
Christopher,ALVOGEN INC.,THB,30
Paul,Lake Erie Medical DBA Quality Care Products LLC,PEN,50
Raymond,Bryant Ranch Prepack,MXN,17
Howard,Kroger,CNY,77
Johnny,"MPM Medical, Inc.",EUR,17
Harry,"Preferred Pharmaceuticals, Inc",IDR,21
Raymond,Bryant Ranch Prepack,CNY,66
Ernest,Clinical Solutions Wholesale,DOP,64
Ernest,"Watson Laboratories, Inc.",JPY,31
Michael,"Chattem, Inc.",CNY,2
Carl,Uriel Pharmacy Inc.,BDT,98
Ralph,"Physicians Total Care, Inc.",KRW,10
John,Supervalu Inc,CNY,26
Bobby,"Johnson & Johnson Consumer Products Company, Division of Johnson & Johnson Consumer Companies, Inc.",RUB,8
Lawrence,"Nelco Laboratories, Inc.",SEK,52
Carlos,"Nelco Laboratories, Inc.",CNY,94
Brandon,AMOREPACIFIC,PEN,9
Gerald,Neutrogena Corporation,MXN,20
Joe,Camber Pharmaceuticals,PHP,47
Johnny,"X-GEN Pharmaceuticals, Inc.",EUR,78
Nicholas,"NCS HealthCare of KY, Inc dba Vangard Labs",SYP,74
Billy,Proficient Rx LP,EUR,88
Alan,NARS Cosmetics,EUR,68
Jesse,A-S Medication Solutions LLC,HNL,36
Benjamin,"ALK-Abello, Inc.",CNY,95
Edward,Par Pharmaceutical Inc.,IDR,52
Jerry,SUPERVALU INC.,AMD,83
Thomas,Mission Hills S.A de C.V,THB,23
Clarence,"Dharma Research, Inc.",UAH,45
Aaron,"Boehringer Ingelheim Pharmaceuticals, Inc.",EUR,85
Jerry,WALGREEN CO.,IDR,100
Douglas,Lake Erie Medical DBA Quality Care Products LLC,PHP,82
Larry,L. Perrigo Company,IRR,79
Charles,"Amphastar Pharmaceuticals, Inc.",SLL,8
Todd,Genzyme Corporation,PHP,67
Aaron,"NATURE REPUBLIC CO., LTD.",EUR,93
Gary,"Chiesi USA, Inc.",PLN,33
Nicholas,"NCS HealthCare of KY, Inc dba Vangard Labs",CNY,56
Jesse,KJI Industrial Co Ltd,EGP,56
Bobby,Medi-Physics Inc.,CNY,68
Daniel,"Liddell Laboratories, Inc.",AZN,75
Arthur,"Paragon BioTeck, Inc.",CNY,2
James,Dabur India Limited,TZS,51
Henry,Greenstone LLC,PKR,100
Earl,"Breckenridge Pharmaceutical, Inc.",PHP,30
Eugene,"Major Pharmaceuticals, Inc",XOF,43
George,"Prime Enterprises, Inc.",CNY,82
Peter,King Bio Inc.,ALL,7
Jimmy,"NEW WORLD IMPORTS, INC.",HTG,40
Gerald,"BioActive Nutritional, Inc.",EUR,4
Philip,Freds Inc,CNY,46
Roy,Cardinal Health,COP,48
Antonio,KAISER FOUNDATION HOSPITALS,UAH,53
Jason,Cardinal Health (Leader),RUB,50
Gregory,ARMY AND AIR FORCE EXCHANGE SERVICE,PLN,68
Philip,"Gahwa Well Food Co.,Ltd",IDR,74
Henry,REMEDYREPACK INC.,IDR,45
Eric,"Meijer Distribution, Inc",MGA,12
Philip,"WG Critical Care, LLC",RUB,98
Jack,"ALK-Abello, Inc.",UGX,66
Gerald,King Bio Inc.,CNY,54
Randy,"Antigen Laboratories, Inc.",IDR,36
Walter,"ZION SYNTHETIC FIBER CO., LTD.",XAF,42
Jerry,"Geiss, Destin & Dunn, Inc",CLP,68
Victor,American Sales Company,BWP,82
Victor,"Matrixx Initiatives, Inc.",EUR,55
Gary,Teva Pharmaceuticals USA Inc,CZK,29
Chris,"Physicians Total Care, Inc.",EUR,36
Jose,"Sato Pharmaceutical Co., Ltd.",CNY,50
Louis,Uriel Pharmacy Inc.,UAH,80
Ralph,"Janssen Pharmaceuticals, Inc.",ZWL,86
Todd,International Ethical Labs,EUR,67
Jonathan,West-ward Pharmaceutical Corp.,CNY,51
Donald,WEGMANS FOOD MARKETS INC,RSD,80
Billy,Rebel Distributors Corp,DOP,66
Russell,Family Dollar Services Inc.,RUB,42
Matthew,220 LABORATORIES INC,PHP,1
Ronald,Lake Erie Medical & Surgical Supply DBA Quality Care Products LLC,LKR,2
David,ORGANIC & SUSTAINABLE BEAUTY,NGN,21
Joe,"Hospira, Inc.",JPY,86
Jason,Carilion Materials Management,GBP,93
Nicholas,"MEIJER, INC.",CNY,7
Jose,"Cintex Services, LLC",IDR,1
Jeremy,Wal-Mart Stores Inc,XAF,99
Carlos,Access Business Group LLC,CNY,61
Daniel,Cardinal Health,RUB,46
Arthur,AKG Innovations LLC,LYD,25
Johnny,CVS Pharmacy,IDR,96
Joseph,"PD-Rx Pharmaceuticals, Inc.",UZS,81
Lawrence,SAFEWAY INC,RSD,47
Kevin,VVF Kansas Services LLC,CNY,36
Arthur,"King Bio, Inc.",PLN,46
Nicholas,"Allergy Laboratories, Inc.",IDR,37
Ronald,Cardinal Health,USD,19
Steven,Baxter Healthcare Corporation,ZAR,11
Harry,Rugby Laboratories,IDR,60
Jeremy,E-House Korea Holdings International,CNY,52
Anthony,Spear Dermatology Products Inc,IDR,16
Ryan,"Nelco Laboratories, Inc.",BWP,32
Richard,Cardinal Health,CNY,22
Raymond,Cipla Limited,PHP,11
Ronald,PureLife Dental,AFN,57
Daniel,Novartis Pharmaceuticals Corporation,CNY,21
Gary,St Marys Medical Park Pharmacy,RUB,26
Sean,Family Dollar,BRL,50
John,Kroger Company,HRK,62
Justin,Apotex Corp.,XAF,33
Charles,"Falcon Pharmaceuticals, Ltd.",SEK,32
Larry,"Physicians Total Care, Inc.",KRW,69
Walter,L'Oreal USA Products Inc,CNY,77
Ralph,Ventura International LTD.,EUR,71
Matthew,"Asclemed USA, Inc.",IRR,70
Robert,Mylan Pharmaceuticals Inc.,SEK,75
Jason,"AFFLABS, Affiliated Laboratories, A Division of AFFLINK",CNY,41
Billy,Rebel Distributors Corp,PLN,46
Carlos,"Inel Cosmetics Co., Ltd.",EUR,71
Jeffrey,REMEDYREPACK INC.,SEK,60
Johnny,Walgreen Company,CNY,44
Gerald,"Dr. Dennis Gross Skincare, LLC",CNY,64
Raymond,"Fallien Cosmeceuticals, LTD.",HTG,78
George,Medicis Pharmaceutical Corp,PEN,66
James,Carilion Materials Management,EUR,84
Douglas,Cardinal Health,AMD,34
Jose,"Liddell Labratories, Inc.",RUB,58
Billy,Procter & Gamble Manufacturing Company,EUR,11
Ernest,Aledian Corporation,CNY,78
Jonathan,"Preferred Pharmaceuticals, Inc",HUF,93
Sean,Hikma Pharmaceutical,SEK,1
Roy,Qualitest Pharmaceuticals,CNY,1
Daniel,"Safeway, Inc.",IDR,84
Harold,Apotex Corp.,PKR,13
Peter,Sanofi-Aventis U.S. LLC,BRL,44
Walter,Premier Value,CHF,21
Sean,TOO FACED COSMETICS,LTL,24
Kevin,JHP Pharmaceuticals LLC,RUB,97
Ryan,Actavis Mid Atlantic LLC,KES,58
Mark,Dr. Reddy's Laboratories Limited,NOK,99
Joseph,KINeSYS Pharmaceutical Inc.,THB,94
Wayne,Procter & Gamble Manufacturing Company,LBP,20
Willie,Uriel Pharmacy Inc.,CAD,89
Alan,Supervalu Inc,CNY,15
George,"NATURE REPUBLIC CO., LTD.",CNY,68
Jason,Haemonetics Manufacturing Inc,EUR,35
Christopher,Novo Nordisk,IDR,16
Scott,"ALK-Abello, Inc.",RUB,11
Douglas,Greenstone LLC,CNY,88
Andrew,Kmart Corporation,RSD,58
Joseph,Wal-Mart Stores Inc.,CNY,44
Adam,"Airgas Northern California and Nevada, Inc.",IDR,100
Walter,ENCHANTE ACCESSORIES INC.,MXN,88
Donald,REMEDYREPACK INC.,NOK,16
George,OHM PHARMA INC.,CNY,62
Jesse,"Chattem, Inc.",EUR,71
Harry,"Deseret Biologicals, Inc.",COP,38
Bruce,"Physicians Total Care, Inc.",KPW,28
Craig,"Avon Products, Inc.",JPY,14
Stephen,"Galderma Laboratories, L.P.",TND,93
Keith,Cardinal Health,SEK,82
Phillip,Supervalu Inc,IDR,6
Gregory,Ranbaxy Pharmaceuticals Inc.,COP,42
Keith,Lake Erie Medical & Surgical Supply DBA Quality Care Products LLC,EUR,41
Albert,Personal Care Products,EUR,78
Carl,REMEDYREPACK INC.,SEK,45
Edward,Teva Pharmaceuticals USA Inc,RUB,37
Adam,Unit Dose Services,CNY,52
Carlos,"Glenmark Generics Inc.,USA",EUR,29
Bobby,Apotheca Company,CLP,44
Brian,Bryant Ranch Prepack,BRL,18
Albert,Valeant Pharmaceuticals North America LLC,RUB,22
Christopher,"Lab Safety Supply, Inc.",EUR,26
Jason,"Boehringer Ingelheim Pharmaceuticals, Inc.",EUR,96
Earl,Target Corporation,IDR,48
Christopher,"Nelco Laboratories, Inc.",SEK,74
Nicholas,REMEDYREPACK INC.,RUB,24
Ronald,Pfizer Laboratories Div Pfizer Inc.,CNY,95
Joe,Ventura Corporation LTD,EUR,85
Clarence,Linco Medical & Supply Inc,SYP,1
Dennis,"Allure Labs, Inc.",CNY,14
Joe,American Red Cross,KRW,13
Keith,MedVantx Inc.,SEK,93
Stephen,"Cargus International, Inc.",COP,25
Richard,INDICUS PHARMA LLC,CNY,20
Paul,Pacific Word Corporation,BAM,33
Kevin,Swiss-American Products,EGP,77
Ernest,A-S Medication Solutions LLC,USD,95
Alan,"Nelco Laboratories, Inc.",CNY,92
Jesse,ECR Pharmaceuticals,RUB,40
George,SAM'S WEST INC.,COP,22
Brian,Safeway,PHP,8
Justin,"Hawthorn Pharmaceuticals, Inc",KZT,65
Timothy,Ventura Corporation LTD.,CNY,62
Jack,State of Florida DOH Central Pharmacy,PLN,61
Kenneth,Ventura Corporation LTD,PLN,39
Timothy,"Xiamen Anna Global Co., Ltd",TZS,68
Howard,REMEDYREPACK INC.,ISK,21
Antonio,Sanum Kehlbeck GmbH & Co. KG,EUR,73
Howard,"General Injectables & Vaccines, Inc",HNL,49
Earl,"G&W Laboratories, Inc.",CNY,24
Andrew,Jubilant HollisterStier LLC,UZS,100
Roy,"Owen Biosciences, Inc.",CNY,93
Randy,"Jiangsu Province JianErKang Medical Dressing Co. ,Ltd.",RUB,76
Randy,"Boca Pharmacal, LLC",CNY,68
Jason,"Doori Cosmetics Co., Ltd",CNY,25
Charles,Lake Erie Medical DBA Quality Care Products LLC,COP,35
Aaron,S+,PLN,30
Albert,Publix Super Markets Inc,SEK,29
Anthony,Wockhardt Limited,EUR,51
Walter,"Kareway Product, Inc.",PHP,9
Steve,Norwood Packaging Ltd.,CNY,33
Gregory,"SJ Creations, Inc.",TZS,88
Gregory,"Preferred Pharmaceuticals, Inc.",RSD,83
Todd,"Turf Max, LLC",COP,19
Shawn,"Nelco Laboratories, Inc.",PLN,61
William,"Blenheim Pharmacal, Inc.",CNY,19
Phillip,Rebel Distributors Corp,CNY,8
Timothy,WOCKHARDT USA LLC,CNY,7
Victor,BluePoint Laboratories,MWK,93
Peter,"Nelco Laboratories, Inc.",CNY,50
Thomas,QUALITY CHOICE (Chain Drug Marketing Association),JPY,33
Ryan,Amneal Pharmaceuticals,PLN,88
Scott,Ventura International LTD,DKK,34
Terry,Uriel Pharmacy Inc.,RUB,28
Jonathan,A-S Medication Solutions LLC,GTQ,6
Fred,West-Ward Pharmaceutical Corp,IRR,29
Joseph,"Dispensing Solutions, Inc.",SLL,45
David,McKesson,EUR,37
Christopher,Physicians Formula Inc,CAD,74
Andrew,"Integra Health International, S.A. de C.V.",CNY,17
Gary,Cardinal Health,CNY,88
Johnny,Roerig,USD,43
Joe,Lake Erie Medical DBA Quality Care Products LLC,HRK,48
Donald,REMEDY MAKERS,CNY,65
Victor,"Antigen Laboratories, Inc.",IDR,5
Raymond,"Matrixx Initiatives, Inc.",THB,27
Ryan,REMEDYREPACK INC.,ARS,10
Jimmy,"IVAX Pharmaceuticals, Inc.",EUR,34
Keith,Geritrex Corp.,RUB,63
Bobby,Walgreen Company,MGA,44
Jeffrey,"Middlesex Gases and Technologies, Inc.",PHP,76
Kevin,Sun Pharma Global FZE,COP,23
Jose,"GOWOONSESANG COSMETICS CO., LTD.",PYG,8
Chris,"Nelco Laboratories, Inc.",ARS,59
Louis,"Cephalon, Inc.",PHP,50
Terry,"NCS HealthCare of KY, Inc dba Vangard Labs",IDR,40
Gary,Qualitest Pharmaceuticals,BGN,75
Martin,"Nelco Laboratories, Inc.",IDR,34
Thomas,"Native Remedies, LLC",TJS,60
Bruce,Walgreens Co.,PLN,91
Henry,"Physicians Total Care, Inc.",CNY,66
Sean,Natural Health Supply,PHP,14
Shawn,Natural Health Supply,COP,94
Paul,"Amneal Pharmaceuticals of New York, LLC",BRL,36
Thomas,"Par Pharmaceutical, Inc.",CNY,94
Thomas,Apotex Corp,XPF,90
Mark,"Nelco Laboratories, Inc.",CZK,33
Jesse,"Physicians Total Care, Inc.",RUB,57
Aaron,Cardinal Health,MNT,35
Arthur,"Nelco Laboratories, Inc.",SEK,75
Jose,"Daeduck Lab Co., Ltd",HNL,72
Philip,"ALK-Abello, Inc.",EUR,63
Jeremy,Par Pharmaceutical Inc.,IDR,42
Todd,DIRECT RX,WST,34
Sean,BJWC,CNY,32
Earl,"Stephen L. LaFrance Pharmacy, Inc.",EUR,18
Carl,American Health Packaging,EUR,13
Walter,Geritrex Corp,RUB,83
Frank,Vi-Jon,BRL,54
Lawrence,Baxter Healthcare Corporation,CNY,15
Johnny,"Falcon Pharmaceuticals, Ltd.",PLN,26
Eugene,Kroger Company,CNY,41
Jose,"Allergy Laboratories, Inc.",RUB,79
Bruce,Cardinal Health,VEF,100
Dennis,Advanced Generic Corporation,EUR,69
Ryan,The Procter & Gamble Manufacturing Company,EUR,42
Brandon,Rugby Laboratories Inc.,KES,75
Henry,Rebel Distributors Corp.,CNY,82
Harry,"Physicians Total Care, Inc.",CNY,17
Ryan,"Prestium Pharma, Inc.",IDR,57
Jonathan,Clinical Solutions Wholesale,CNY,98
Dennis,A-S Medication Solutions LLC,USD,13
Christopher,HARRIS TEETER,NZD,40
Chris,"Antigen Laboratories, Inc.",EUR,38
Richard,"Genentech, Inc.",PEN,27
Victor,Nehemiah Manufacturing,PHP,75
William,"Nelco Laboratories, Inc.",CNY,73
Phillip,"Newton Laboratories, Inc.",RUB,93
Mark,Arbor Pharmaceuticals Inc.,CNY,20
Carl,The Mentholatum Company,MMK,97
Carlos,Barr Laboratories Inc.,UAH,75
Robert,Accord Healthcare Inc,CNY,7
Russell,"Productos Urologos de Mexico, S.A. de C.V.",IDR,20
Billy,RITE AID CORPORATION,USD,11
Russell,Baxter Healthcare Corporation,IDR,77
Paul,Lake Erie Medical DBA Quality Care Products LLC,PLN,90
Mark,KAISER FOUNDATION HOSPITALS,CNY,53
Raymond,"Ventura Corporation (San Juan, P.R)",AED,63
George,Dr.JangLab Inc.,LBP,24
James,"Galderma Laboratories, L.P.",AFN,42
James,Apotheca Company,TMT,62
Earl,Washington Homeopathic Products,PAB,93
Bruce,"Par Pharmaceutical, Inc.",YER,63
Adam,"Nelco Laboratories, Inc.",ZMW,67
Todd,"AMI Cosmetic Co.,Ltd.",CNY,77
Craig,Lake Erie Medical DBA Quality Care Products LLC,UAH,45
Dennis,Accord Healthcare Inc.,SEK,91
Joseph,Safeway,JPY,89
Joshua,"Physicians Total Care, Inc.",EUR,41
Larry,Nexus Pharmaceuticals Inc,IDR,58
Johnny,"Xiamen Olivee Daily Use Chemical Co., Ltd.",IDR,24
Daniel,Parfums Christian Dior,JPY,100
Roy,Perrigo New York Inc,EUR,81
Dennis,Merck Sharp & Dohme Corp.,SEK,78
Sean,Northwind Pharmaceuticals,USD,38
Timothy,"THEFACESHOP CO., LTD.",CNY,31
Terry,"Skin Sake, LLC",CNY,93
George,"Physicians Total Care, Inc.",EUR,100
Eric,Meijer Distribution Inc,IRR,12
Steven,Private Label Select,CNY,65
Brian,Rite Aid Corporation,IDR,53
Dennis,REMEDYREPACK INC.,CNY,19
John,Apotex Corp.,IDR,70
Chris,"Ingenus Pharmaceuticals, LLC",EUR,71
Arthur,Reckitt Benckiser LLC,BRL,36
Carlos,Family Dollar Services Inc,ILS,8
Nicholas,"IGI Labs, Inc.",PLN,94
Anthony,A-S Medication Solutions LLC,PHP,69
Henry,Faria LLC dba Sheffield Pharmaceuticals,PHP,68
Ralph,"Actavis Pharma, Inc.",THB,23
Eric,UniShield,USD,52
Steve,"Allergy Laboratories, Inc.",JPY,54
Stephen,"Physicians Total Care, Inc.",RUB,99
Adam,Actavis Mid Atlantic LLC,BRL,90
Steve,The Mentholatum Company,CNY,92
Edward,"Physicians Total Care, Inc.",CNY,92
Jerry,Rebel Distributors Corp,BOB,43
Anthony,"Xiamen Olivee Daily Use Chemical Co., Ltd.",EUR,61
Eric,Uriel Pharmacy Inc.,PHP,92
Todd,"PharmaForce, Inc.",EUR,87
Aaron,Wicsun Trading,RUB,13
Todd,"Eco-Logics, Inc.",RUB,38
Paul,Pharmacia and Upjohn Company,BRL,60
Harry,Procter & Gamble Manufacturing Company,JPY,1
Steven,Rebel Distributors Corp,USD,38
Edward,Aidarex Pharmaceuticals LLC,IDR,45
Michael,"Elizabeth Arden, Inc",THB,68
Daniel,REMEDYREPACK INC.,RUB,7
Wayne,SUN PHARMACEUTICAL INDUSTRIES LIMITED,CLP,90
Ryan,Bryant Ranch Prepack,CNY,44
William,"Elizabeth Arden, Inc",USD,16
Arthur,Barr Laboratories Inc.,CHF,17
Roger,"Church & Dwight Co., Inc.",PHP,89
Anthony,Dabur India Limited,CDF,18
Samuel,Bryant Ranch Prepack,RUB,52
Billy,"Physicians Total Care, Inc",BRL,60
Douglas,"General Injectables & Vaccine, Inc",EUR,43
Billy,"Hospira, Inc.",COP,31
Randy,NARTEX LABORATORIOS HOMEOPATICOS SA DE CV,RUB,46
Willie,McKesson,MYR,7
Peter,"Nelco Laboratories, Inc.",MXN,57
Alan,"Kareway Product, Inc.",IRR,94
Johnny,BTA Pharmaceuticals Inc.,CNY,53
Kenneth,Paramesh Banerji Life Sciences LLC,PHP,97
Alan,Valeant Pharmaceuticals North America LLC,GHS,40
Frank,Sandoz Inc,CNY,43
Roger,"Antigen Laboratories, Inc.",EUR,78
Carlos,"BioActive Nutritional, Inc.",PKR,99
Billy,"Preferred Pharmaceuticals, Inc.",PLN,25
Andrew,"PD-Rx Pharmaceuticals, Inc.",RUB,26
Kenneth,sanofi-aventis U.S. LLC,PYG,15
Louis,"Silarx Pharmaceuticals, Inc",CZK,74
Craig,"DOLGENCORP, LLC",PEN,20
Ernest,Ventura Corporation LTD.,THB,38
Charles,"Synergy Formulas, Inc.",CZK,38
Howard,"Hospira, Inc.",NGN,91
Michael,HOMEOLAB USA INC,SEK,59
Jimmy,"AvKARE, Inc.",MAD,31
Jack,"Taro Pharmaceuticals U.S.A., Inc.",IDR,62
Bruce,"Dispensing Solutions, Inc.",NGN,3
Joshua,"Mission Hills, S.A. de C.V.",CNY,48
Daniel,"ALK-Abello, Inc.",RUB,85
Brian,Lake Erie Medical & Surgical Supply DBA Quality Care Products LLC,DOP,92
Martin,Valu Merchandisers Company (Best Choice),CNY,10
Michael,REMEDYREPACK INC.,IDR,51
Ryan,STAT RX USA LLC,JPY,27
Paul,"True Nature Group, Inc.",BRL,25
Steven,SUPERVALU INC.,CNY,4
Alan,L. Perrigo Company,THB,33
Ryan,"Impax Laboratories, Inc.",EUR,90
Carl,Sun Pharma Global FZE,ILS,28
Jonathan,"Newton Laboratories, Inc.",RUB,64
Matthew,Rite Aid,TJS,16
Paul,"Nelco Laboratories, Inc.",ETB,56
Frank,"Aphena Pharma Solutions - Tennessee, LLC",IDR,17
Jeffrey,ART COSMETICS SRL,EUR,26
Dennis,Lake Erie Medical DBA Quality Care Products LLC,GHS,56
Craig,"Pharmaceutical Associates, Inc.",BRL,18
Gary,"Somaxon Pharmaceuticals, Inc.",IDR,45
Terry,"BioActive Nutritional, Inc.",PHP,22
Justin,Henry Schein Inc.,IDR,84
Joshua,"SHISEIDO CO., LTD.",CNY,27
Clarence,Torrent Pharmaceuticals Limited,PEN,51
Roger,CLINIQUE LABS INC,EUR,7
Charles,Teva Pharmaceuticals USA Inc,CAD,55
Sean,Sandoz Inc,IDR,49
Gary,Rite Aid,CNY,95
Benjamin,"ALK-Abello, Inc.",EUR,35
Timothy,"The Man Can, LLC",ARS,72
Richard,"Preferred Pharmaceuticals, Inc",PLN,25
Eugene,REMEDYREPACK INC.,IRR,3
Juan,"Eon Labs, Inc.",CNY,88
Dennis,"Blenheim Pharmacal, Inc.",CNY,53
Albert,CVS Pharmacy,YER,94
Patrick,"Aidance Skincare & Topical Solutions, LLC",HRK,17
Willie,Wal-Mart Stores Inc,CNY,69
Russell,Apotheca Company,CNY,40
Jesse,"Sun & Skin Care Research, LLC",IDR,28
Philip,"Energique,Inc. (Larry Krenk)",SLL,96
Douglas,Rebel Distributors Corp,IDR,96
Roy,Wockhardt USA LLC.,UAH,64
Wayne,Shanghai Weierya Daily Chemicals Factory,CNY,7
Howard,"New World Imports, Inc",EUR,21
Willie,State of Florida DOH Central Pharmacy,SEK,1
Billy,"BioActive Nutritional, Inc.",IRR,30
Peter,"Antigen Laboratories, Inc.",UZS,60
Earl,"Preferred Pharmaceuticals, Inc",SEK,16
Peter,"Caraco Pharmaceutical Laboratories, Ltd.",CNY,26
William,"Physicians Total Care, Inc.",CNY,9
Earl,Neutrogena Corporation,CLP,78
Johnny,"NCS HealthCare of KY, Inc dba Vangard Labs",MYR,20
Jesse,Home Sweet Homeopathics,USD,97
Sean,Qualitest Pharmaceuticals,EUR,79
Ralph,Sandoz Inc,BYR,51
Albert,REMEDYREPACK INC.,BRL,15
James,American Health Packaging,JPY,97
Phillip,"PD-Rx Pharmaceuticals, Inc.",CNY,18
Larry,"Gases Plus Norco, LLC",EUR,90
Lawrence,BJWC,IDR,75
Phillip,Aidarex Pharmaceuticals LLC,BYR,54
Bobby,Pfizer Laboratories Div Pfizer Inc,HNL,67
Brandon,Virtus Pharmaceuticals,EUR,14
Carl,"Preferred Pharmaceuticals, Inc.",JPY,12
Charles,CVS Pharmacy,PLN,53
Harry,REMEDYREPACK INC.,BRL,14
Keith,Sanum Kehlbeck GmbH & Co. KG,IDR,2
James,Family Dollar,NGN,32
Ernest,Sandoz Inc,CNY,60
Roger,"Nelco Laboratories, Inc.",PEN,38
Russell,SAFEWAY INC.,RUB,20
Jesse,Delta Brands Inc,RUB,45
Wayne,"Taro Pharmaceuticals U.S.A., Inc.",CZK,90
Louis,"Alcon Laboratories, Inc.",IDR,11
Kevin,Major Pharmaceuticals,UGX,3
Michael,REMEDYREPACK INC.,CNY,96
Richard,"Nelco Laboratories, Inc.",NPR,13
Andrew,"Western Family Foods, Inc",JPY,41
Charles,"Actavis Pharma, Inc.",RSD,5
Donald,"Physicians Total Care, Inc.",CNY,11
Jimmy,Accord Healthcare Inc.,CNY,92
David,"PD-Rx Pharmaceuticals, Inc.",IDR,51
John,Lake Erie Medical DBA Quality Care Products LLC,IDR,11
Scott,Darby Dental Supply Co,UYU,38
Benjamin,Chan Yat Hing Medicine Factory,TJS,99
Justin,Clinigen Healthcare Ltd.,ARS,47
Scott,Apotheca Company,CNY,11
Benjamin,Covis Pharmaceuticals Inc,COP,55
Randy,Rebel Distributors Corp,EUR,23
Lawrence,Houston Cyclotron Partners LP dba Cyclotope,PEN,84
Jimmy,Torrent Pharmaceuticals Limited,CNY,43
Thomas,McKesson,RUB,10
Peter,"E.R. Squibb & Sons, L.L.C.",IRR,67
Daniel,Torrent Pharmaceuticals Limited,EUR,22
Justin,Bryant Ranch Prepack,CNY,42
Bobby,Sandoz Inc,RUB,43
Gerald,"Johnson & Johnson Healthcare Products Inc., Division of McNEIL-PPC, Inc.",CNY,87
Timothy,Bryant Ranch Prepack,CZK,98
Raymond,Topco Associates LLC,CNY,80
Timothy,Carilion Materials Management,EUR,58
Roy,"Janssen Pharmaceuticals, Inc.",CNY,85
Raymond,Aidarex Pharmaceuticals LLC,CNY,73
Steve,Good Neighbor Pharmacy,CZK,69
Terry,Napoleon Perdis Cosmetics,ILS,52
Carl,Sun Pharma Global FZE,IRR,62
Gary,"Geri-Care Pharmaceuticals, Corp",RUB,55
Louis,Rebel Distributors Corp,CNY,86
Craig,HEB,EUR,35
Joe,American Sales Company,CNY,29
Wayne,"Native Remedies, LLC",COP,38
Douglas,REMEDYREPACK INC.,IDR,58
Brian,Procter & Gamble Manufacturing Company,JMD,37
Harry,LUPIN LIMITED,JPY,27
Albert,King Bio Inc.,CNY,75
Craig,L. Perrigo Company,AZN,54
Anthony,LVMH Fragrance Brands,EUR,9
Larry,My Import Inc,CNY,75
Jack,Guthy-Renker LLC,RUB,35
Todd,"Napoleon Perdis Cosmetics, Inc",RUB,33
William,"Antigen Laboratories, Inc.",IDR,44
Arthur,"SHISEIDO CO., LTD.",EUR,16
Jonathan,Jubilant HollisterStier LLC,IDR,93
James,Hanover Pen Corp dba HPC Global,PLN,58
Howard,Patterson Dental Supply Inc,VND,23
Gregory,Conopco Inc. d/b/a Unilever,RSD,42
Joseph,Richmond Division of Wyeth,IDR,56
Wayne,"Dispensing Solutions, Inc.",USD,80
Edward,Apotheca Company,CNY,9
Mark,VIATREXX BIO INCORPORATED,KZT,90
Edward,AMOREPACIFIC,EUR,79
Roy,Unit Dose Services,CNY,45
Victor,Sagent Pharmaceuticals,IDR,41
Lawrence,"Elizabeth Arden, Inc",THB,56
Brian,Cardinal Health,IDR,20
Louis,Kimberly-Clark Corporation,HNL,71
Carlos,Canus Vermont LLC,EUR,76
Victor,"Nelco Laboratories, Inc.",CNY,54
Joshua,"United Research Laboratories, Inc.",CLP,10
Scott,"Preferred Pharmaceuticals, Inc.",RUB,52
Anthony,"Native Remedies, LLC",RSD,80
Andrew,Access Business Group International LLC,BRL,91
Jimmy,SUPERVALU INC.,PKR,36
Samuel,Mylan Institutional Inc.,CNY,51
Juan,"Liberty Pharmaceuticals, Inc.",CZK,54
Jerry,SHISEIDO AMERICAS CORPORATION,IDR,90
Terry,"PD-Rx Pharmaceuticals, Inc.",UZS,52
Victor,Pharmaplast SAE,CNY,92
Mark,Ecolab Inc.,CNY,12
Louis,National Distribution Network (Smart Choice),EUR,90
Timothy,Amerisource Bergen,EUR,52
Antonio,"Elcure Co., Ltd.",BDT,71
Larry,"Aptalis Pharma US, Inc.",EUR,90
James,"Newton Laboratories, Inc.",IDR,4
James,"Marathon Pharmaceuticals, LLC",NGN,65
Brandon,"UCB, Inc.",VEF,21
Albert,Sun Pharmaceutical Industries Limited,NGN,12
Peter,"Matrixx Initiatives, Inc.",UAH,17
Dennis,Health Complex Medical Inc,KGS,20
Thomas,"Natures Sunshine Products, Inc.",UAH,90
Scott,IBA Molecular North America Inc.,CNY,50
George,"Preferred Pharmaceuticals, Inc",CNY,98
John,"Antigen Laboratories, Inc.",IDR,53
Paul,ANIP Acquisition Company,EUR,27
Joseph,Novartis Vaccines and Diagnostics GmbH,PHP,35
Jonathan,"Allermed Laboratories, Inc.",CNY,46
Brian,"PD-Rx Pharmaceuticals, Inc.",PHP,66
Antonio,Neutrogena Corporation,PHP,32
Justin,"Physicians Total Care, Inc.",ALL,7
Daniel,"Physicians Total Care, Inc.",CNY,3
Joshua,AMOREPACIFIC,AZN,10
Donald,American Health Packaging,USD,45
Kevin,Vienna Health and Beauty Corporation,EUR,52
Eric,L. Perrigo Company,COP,37
Roy,Sagent Pharmaceuticals,BRL,89
Douglas,Jubilant HollisterStier LLC,CNY,24
Adam,Mylan Pharmaceuticals Inc.,EUR,7
Justin,State of Florida DOH Central Pharmacy,IRR,68
Paul,"ASSURED / DOLLAR TREE (Greenbrier International, Inc.)",IDR,38
Sean,"Nelco Laboratories, Inc.",AOA,83
Daniel,Kay Chemical Company,NGN,98
Antonio,Apotheca Company,IRR,54
Billy,Ventura Corporation LTD.,BRL,8
David,Tinks,MYR,7
Timothy,"Bath & Body Works, Inc.",CNY,93
Bobby,L'Oreal USA Products Inc,IDR,80
Bobby,Qualitest Pharmaceuticals,PLN,22
Jesse,"General Injectables & Vaccines, Inc",CNY,38
Paul,"Nelco Laboratories, Inc.",RUB,52
Jimmy,Sanihealth Products Corporation,PHP,13
Scott,McKesson Contract Packaging,BRL,20
Sean,King Bio Inc.,RUB,39
Todd,"Scott-Gross Company, Inc.",PHP,64
Edward,Novartis Pharmaceuticals Corporation,SEK,48
William,Jubilant HollisterStier LLC,XOF,68
Eric,Laderma Trading Pty Ltd,THB,16
Steven,"Roxane Laboratories, Inc.",IDR,76
Eugene,American Sales Company,HRK,18
Charles,"Antigen Laboratories, Inc.",MMK,57
John,"Deseret Biologicals, Inc.",CNY,41
Martin,"Axcentria Pharmaceuticals, LLC",IDR,80
Aaron,"Akorn, Inc.",VEF,23
Joe,"Taro Pharmaceuticals U.S.A., Inc.",USD,29
Roger,"AMI Cosmetic Co.,Ltd.",XAF,31
Charles,"Eon Labs, Inc.",BRL,20
Jerry,Greenstone LLC,DKK,49
Billy,Indiana Botanic Gardens,EUR,25
Stephen,"Raining Rose, Inc.",SEK,84
Philip,"PD-Rx Pharmaceuticals, Inc.",RUB,3
Martin,"Physicians Total Care, Inc.",BRL,33
Samuel,Uriel Pharmacy Inc.,CNY,27
Todd,Rebel Distributors Corp,BRL,49
Steve,"Newton Laboratories, Inc.",EUR,2
Jimmy,Greenstone LLC,EUR,82
Fred,Dukal Corp,EUR,93
John,Apotheca Company,HNL,8
Patrick,"Townley, Inc.",EUR,20
Gerald,X3 Labs Inc.,IDR,93
Eugene,sanofi-aventis U.S. LLC,AMD,53
Joshua,"Physicians Total Care, Inc.",AUD,24
Phillip,Family Dollar,BAM,26
David,Lancaster S.A.M.,CNY,4
Wayne,Hyland's,UAH,77
Harry,"Shopko Stores Operating Co., LLC",THB,85
Jerry,REMEDYREPACK INC.,CNY,31
Paul,"Derma Sciences Canada, Inc.",IDR,70
Carlos,"NATURE REPUBLIC CO., LTD.",CNY,10
Louis,Lake Erie Medical DBA Quality Care Products LLC,ETB,76
Frank,"Toys""R""Us, Inc.",IDR,36
Gregory,"Taro Pharmaceuticals U.S.A., Inc.",BRL,61
Larry,"ALK-Abello, Inc.",IDR,39
Andrew,"Golden State Medical Supply, Inc.",EUR,63
Mark,Conopco Inc. d/b/a Unilever,IDR,7
Richard,"Accra-Pac, Inc.",IDR,71
Craig,Qualitest Pharmaceuticals,CZK,28
Jimmy,Mangiacotti Floral LLC,XOF,92
Robert,L Perrigo Company,RUB,53
Kevin,Apotheca Company,BGN,54
Joshua,"Anjon Biologics, Inc",COP,36
Eric,"Blu Pharmaceuticals, LLC",GTQ,94
Harold,Fred's Inc.,EUR,55
Todd,Willspeed Technologies LLC,CNY,93
Randy,Larasan Pharmaceutical Corporation,CNY,95
Jerry,"Nelco Laboratories, Inc.",CNY,44
Gregory,"Safetec of America, Inc.",MAD,30
Harold,"SPIRIT PHARMACEUTICALS,LLC",EUR,86
Ernest,Ventura Corporation Ltd.,RUB,2
Paul,Vi-Jon,BRL,96
Larry,Procter & Gamble Manufacturing Company,CNY,43
Jason,"PD-Rx Pharmaceuticals, Inc.",EUR,80
Harry,,CNY,11
